year,from,to,value
1990,AUS,HKG,767.72
1990,AUS,HKG,767.72
1991,AUS,HKG,949.06
1991,AUS,HKG,949.06
1992,AUS,HKG,1133.21
1992,AUS,HKG,1133.21
1993,AUS,HKG,1309.59
1993,AUS,HKG,1309.59
1994,AUS,HKG,1411.8
1994,AUS,HKG,1411.8
1995,AUS,HKG,1796.45
1995,AUS,HKG,1796.45
1996,AUS,HKG,2023.53
1996,AUS,HKG,2023.53
1997,AUS,HKG,2179.99
1997,AUS,HKG,2179.99
1998,AUS,HKG,1887.41
1998,AUS,HKG,1887.41
1999,AUS,HKG,1560.29
1999,AUS,HKG,1560.29
2000,AUS,HKG,1713.37
2000,AUS,HKG,1713.37
2001,AUS,HKG,1624.81
2001,AUS,HKG,1624.81
2002,AUS,HKG,1614.31
2002,AUS,HKG,1614.31
2003,AUS,HKG,1613.3
2003,AUS,HKG,1613.3
2004,AUS,HKG,1735.86
2004,AUS,HKG,1735.86
2005,AUS,HKG,1747.33
2005,AUS,HKG,1747.33
2006,AUS,HKG,2116.4
2006,AUS,HKG,2116.4
2007,AUS,HKG,2093.06
2007,AUS,HKG,2093.06
2008,AUS,HKG,2083.47
2008,AUS,HKG,2083.47
2009,AUS,HKG,2024.82
2009,AUS,HKG,2024.82
2010,AUS,HKG,2070.44
2010,AUS,HKG,2070.44
2011,AUS,HKG,2477.61
2011,AUS,HKG,2477.61
2012,AUS,HKG,2294.14
2012,AUS,HKG,2294.14
2013,AUS,HKG,2255.45
2013,AUS,HKG,2255.45
2014,AUS,HKG,2157.41
2014,AUS,HKG,2157.41
2015,AUS,HKG,4862.88
2015,AUS,HKG,4862.88
2016,AUS,HKG,6137.17
2016,AUS,HKG,6137.17
2017,AUS,HKG,9082.73
2017,AUS,HKG,9082.73
2018,AUS,HKG,7184.71
2018,AUS,HKG,7184.71
2019,AUS,HKG,4655.99
2019,AUS,HKG,4655.99
1990,AUT,HKG,146.68
1991,AUT,HKG,163.42
1992,AUT,HKG,184.13
1993,AUT,HKG,183.63
1994,AUT,HKG,212.06
1995,AUT,HKG,263.04
1996,AUT,HKG,232.72
1997,AUT,HKG,233
1998,AUT,HKG,193.57
1999,AUT,HKG,208.62
2000,AUT,HKG,281.85
2001,AUT,HKG,339.55
2002,AUT,HKG,563.76
2003,AUT,HKG,478.1
2004,AUT,HKG,504.74
2005,AUT,HKG,588.24
2006,AUT,HKG,599.37
2007,AUT,HKG,613.12
2008,AUT,HKG,621.39
2009,AUT,HKG,510.04
2010,AUT,HKG,533.53
2011,AUT,HKG,549.93
2012,AUT,HKG,565.88
2013,AUT,HKG,537.16
2014,AUT,HKG,509.1
2015,AUT,HKG,413.88
2016,AUT,HKG,393.16
2017,AUT,HKG,365.9
2018,AUT,HKG,340.7
2019,AUT,HKG,352.77
1990,BEL,HKG,
1991,BEL,HKG,
1992,BEL,HKG,
1993,BEL,HKG,
1994,BEL,HKG,
1995,BEL,HKG,
1996,BEL,HKG,
1997,BEL,HKG,1341.21
1998,BEL,HKG,987.39
1999,BEL,HKG,1153.81
2000,BEL,HKG,1315.1
2001,BEL,HKG,1375.39
2002,BEL,HKG,1466.71
2003,BEL,HKG,1606.53
2004,BEL,HKG,1824.97
2005,BEL,HKG,1914.84
2006,BEL,HKG,2393.08
2007,BEL,HKG,2594.76
2008,BEL,HKG,2630.38
2009,BEL,HKG,2505.08
2010,BEL,HKG,2895.87
2011,BEL,HKG,3597.82
2012,BEL,HKG,3572.93
2013,BEL,HKG,3803.7
2014,BEL,HKG,3879.74
2015,BEL,HKG,3316.75
2016,BEL,HKG,3260.29
2017,BEL,HKG,3138.48
2018,BEL,HKG,3304.86
2019,BEL,HKG,2838.8
1990,CAN,HKG,348.6
1991,CAN,HKG,422.34
1992,CAN,HKG,501.94
1993,CAN,HKG,638.43
1994,CAN,HKG,853.63
1995,CAN,HKG,1218.88
1996,CAN,HKG,1173.12
1997,CAN,HKG,1353.85
1998,CAN,HKG,1194.23
1999,CAN,HKG,994.76
2000,CAN,HKG,1396.66
2001,CAN,HKG,1184.35
2002,CAN,HKG,1055.39
2003,CAN,HKG,1076.06
2004,CAN,HKG,1203.58
2005,CAN,HKG,1223.13
2006,CAN,HKG,1425.02
2007,CAN,HKG,1486.54
2008,CAN,HKG,1542.45
2009,CAN,HKG,1203.68
2010,CAN,HKG,1577.9
2011,CAN,HKG,1807.31
2012,CAN,HKG,1731.71
2013,CAN,HKG,1814.26
2014,CAN,HKG,1692.85
2015,CAN,HKG,2894.37
2016,CAN,HKG,1954.09
2017,CAN,HKG,1673.45
2018,CAN,HKG,2223.35
2019,CAN,HKG,3020.47
1990,DNK,HKG,146.11
1991,DNK,HKG,157.77
1992,DNK,HKG,199.59
1993,DNK,HKG,223.5
1994,DNK,HKG,274.81
1995,DNK,HKG,299.63
1996,DNK,HKG,386.86
1997,DNK,HKG,455.81
1998,DNK,HKG,377.78
1999,DNK,HKG,337.35
2000,DNK,HKG,398.16
2001,DNK,HKG,396.77
2002,DNK,HKG,423.91
2003,DNK,HKG,473.97
2004,DNK,HKG,565.52
2005,DNK,HKG,578.46
2006,DNK,HKG,694.34
2007,DNK,HKG,607.08
2008,DNK,HKG,684.32
2009,DNK,HKG,577.48
2010,DNK,HKG,841.98
2011,DNK,HKG,1100.32
2012,DNK,HKG,1333.01
2013,DNK,HKG,1522.62
2014,DNK,HKG,1053.82
2015,DNK,HKG,1085.94
2016,DNK,HKG,522.47
2017,DNK,HKG,625.7
2018,DNK,HKG,537.7
2019,DNK,HKG,355.01
1990,FIN,HKG,127.82
1991,FIN,HKG,128.34
1992,FIN,HKG,150.16
1993,FIN,HKG,167.89
1994,FIN,HKG,297.99
1995,FIN,HKG,470.74
1996,FIN,HKG,608.92
1997,FIN,HKG,582.04
1998,FIN,HKG,481.46
1999,FIN,HKG,439.36
2000,FIN,HKG,453.06
2001,FIN,HKG,389.02
2002,FIN,HKG,458.6
2003,FIN,HKG,443.89
2004,FIN,HKG,395.38
2005,FIN,HKG,381.34
2006,FIN,HKG,398.8
2007,FIN,HKG,379.62
2008,FIN,HKG,337.7
2009,FIN,HKG,263.3
2010,FIN,HKG,386.54
2011,FIN,HKG,383.89
2012,FIN,HKG,320.12
2013,FIN,HKG,377.69
2014,FIN,HKG,204.38
2015,FIN,HKG,242
2016,FIN,HKG,126.82
2017,FIN,HKG,161.45
2018,FIN,HKG,114.71
2019,FIN,HKG,123.6
1990,FRA,HKG,1143.3
1991,FRA,HKG,1149.57
1992,FRA,HKG,1438.97
1993,FRA,HKG,1913.77
1994,FRA,HKG,1987.59
1995,FRA,HKG,3739.65
1996,FRA,HKG,3324.86
1997,FRA,HKG,2865.65
1998,FRA,HKG,3047.03
1999,FRA,HKG,1856.94
2000,FRA,HKG,2008.2
2001,FRA,HKG,3096.4
2002,FRA,HKG,1958.54
2003,FRA,HKG,2097.01
2004,FRA,HKG,2304.85
2005,FRA,HKG,2532.18
2006,FRA,HKG,2660.65
2007,FRA,HKG,2961.61
2008,FRA,HKG,3236.74
2009,FRA,HKG,3045.38
2010,FRA,HKG,3875.09
2011,FRA,HKG,5366.89
2012,FRA,HKG,6006.82
2013,FRA,HKG,6346.32
2014,FRA,HKG,5688.33
2015,FRA,HKG,4975.51
2016,FRA,HKG,5355.81
2017,FRA,HKG,6384.18
2018,FRA,HKG,6777.92
2019,FRA,HKG,6693.39
1990,DEU,HKG,1903.89
1991,DEU,HKG,2141.63
1992,DEU,HKG,2831.06
1993,DEU,HKG,3221.25
1994,DEU,HKG,3708.59
1995,DEU,HKG,4141.57
1996,DEU,HKG,4380.94
1997,DEU,HKG,4975.24
1998,DEU,HKG,4216.4
1999,DEU,HKG,3626.35
2000,DEU,HKG,4142.52
2001,DEU,HKG,4278.5
2002,DEU,HKG,4236.84
2003,DEU,HKG,5290.71
2004,DEU,HKG,5142.92
2005,DEU,HKG,5285.28
2006,DEU,HKG,5708.62
2007,DEU,HKG,6165.09
2008,DEU,HKG,6865.18
2009,DEU,HKG,6468.37
2010,DEU,HKG,7425.99
2011,DEU,HKG,8455.01
2012,DEU,HKG,7389.41
2013,DEU,HKG,7204.26
2014,DEU,HKG,7549.47
2015,DEU,HKG,6877.19
2016,DEU,HKG,6570.64
2017,DEU,HKG,6930.06
2018,DEU,HKG,6949.34
2019,DEU,HKG,6736.01
1990,GRC,HKG,9.81
1991,GRC,HKG,13.61
1992,GRC,HKG,17.3
1993,GRC,HKG,45.68
1994,GRC,HKG,28.17
1995,GRC,HKG,41.56
1996,GRC,HKG,53.68
1997,GRC,HKG,62.13
1998,GRC,HKG,44.01
1999,GRC,HKG,38.7
2000,GRC,HKG,44.25
2001,GRC,HKG,44.57
2002,GRC,HKG,44.23
2003,GRC,HKG,32.18
2004,GRC,HKG,46.89
2005,GRC,HKG,40.73
2006,GRC,HKG,33.21
2007,GRC,HKG,28.06
2008,GRC,HKG,35.08
2009,GRC,HKG,28.98
2010,GRC,HKG,43.8
2011,GRC,HKG,52.97
2012,GRC,HKG,69.98
2013,GRC,HKG,71.56
2014,GRC,HKG,64.69
2015,GRC,HKG,58.85
2016,GRC,HKG,60.86
2017,GRC,HKG,42.99
2018,GRC,HKG,50.61
2019,GRC,HKG,46.65
1990,HUN,HKG,15.64
1991,HUN,HKG,12.47
1992,HUN,HKG,8.83
1993,HUN,HKG,8.64
1994,HUN,HKG,12.63
1995,HUN,HKG,12.1
1996,HUN,HKG,9.21
1997,HUN,HKG,12.15
1998,HUN,HKG,8.79
1999,HUN,HKG,15.5
2000,HUN,HKG,20.32
2001,HUN,HKG,23.35
2002,HUN,HKG,367.11
2003,HUN,HKG,186.36
2004,HUN,HKG,100.83
2005,HUN,HKG,87.16
2006,HUN,HKG,70.31
2007,HUN,HKG,116.53
2008,HUN,HKG,135.12
2009,HUN,HKG,115.59
2010,HUN,HKG,200.97
2011,HUN,HKG,268.95
2012,HUN,HKG,274.5
2013,HUN,HKG,242.93
2014,HUN,HKG,237.85
2015,HUN,HKG,226.49
2016,HUN,HKG,276.99
2017,HUN,HKG,274.18
2018,HUN,HKG,360.81
2019,HUN,HKG,329.54
1990,IND,HKG,594.86
1991,IND,HKG,710.41
1992,IND,HKG,753.46
1993,IND,HKG,1221.2
1994,IND,HKG,1462.14
1995,IND,HKG,1874.24
1996,IND,HKG,1969.08
1997,IND,HKG,2125.96
1998,IND,HKG,1889.35
1999,IND,HKG,2228.27
2000,IND,HKG,2759.85
2001,IND,HKG,2296.3
2002,IND,HKG,2499.2
2003,IND,HKG,3182.33
2004,IND,HKG,3777.96
2005,IND,HKG,4593.19
2006,IND,HKG,4742.51
2007,IND,HKG,6131.51
2008,IND,HKG,7476.8
2009,IND,HKG,6794.25
2010,IND,HKG,9258.44
2011,IND,HKG,11138.15
2012,IND,HKG,10574.44
2013,IND,HKG,11275.58
2014,IND,HKG,12417.63
2015,IND,HKG,11022.47
2016,IND,HKG,11977.74
2017,IND,HKG,13811.02
2018,IND,HKG,11846.94
2019,IND,HKG,10071.16
1990,IDN,HKG,578.86
1991,IDN,HKG,700.21
1992,IDN,HKG,853.22
1993,IDN,HKG,920.42
1994,IDN,HKG,1264.82
1995,IDN,HKG,1633.48
1996,IDN,HKG,1631.06
1997,IDN,HKG,1669.41
1998,IDN,HKG,1812.17
1999,IDN,HKG,1534.74
2000,IDN,HKG,1668.27
2001,IDN,HKG,1491.44
2002,IDN,HKG,1494.9
2003,IDN,HKG,1561.71
2004,IDN,HKG,1752.67
2005,IDN,HKG,1928.61
2006,IDN,HKG,1927.1
2007,IDN,HKG,2075.85
2008,IDN,HKG,2307.24
2009,IDN,HKG,2296.44
2010,IDN,HKG,2605.15
2011,IDN,HKG,2849.86
2012,IDN,HKG,2681.87
2013,IDN,HKG,2564.27
2014,IDN,HKG,2542.09
2015,IDN,HKG,2379.9
2016,IDN,HKG,2353.77
2017,IDN,HKG,2765.1
2018,IDN,HKG,2891.08
2019,IDN,HKG,2811.26
1990,IRL,HKG,33.33
1991,IRL,HKG,39.23
1992,IRL,HKG,38.53
1993,IRL,HKG,52.38
1994,IRL,HKG,72.95
1995,IRL,HKG,88.16
1996,IRL,HKG,98.71
1997,IRL,HKG,165.52
1998,IRL,HKG,215.31
1999,IRL,HKG,244.49
2000,IRL,HKG,403.73
2001,IRL,HKG,614.52
2002,IRL,HKG,463.61
2003,IRL,HKG,816.03
2004,IRL,HKG,984.39
2005,IRL,HKG,857.99
2006,IRL,HKG,875.83
2007,IRL,HKG,1120.56
2008,IRL,HKG,1206.26
2009,IRL,HKG,1140.15
2010,IRL,HKG,1259.48
2011,IRL,HKG,1089.45
2012,IRL,HKG,812.36
2013,IRL,HKG,633.74
2014,IRL,HKG,680.79
2015,IRL,HKG,650.76
2016,IRL,HKG,710.52
2017,IRL,HKG,680.94
2018,IRL,HKG,944.84
2019,IRL,HKG,767.83
1990,ITA,HKG,1391.83
1991,ITA,HKG,1509.47
1992,ITA,HKG,1915.55
1993,ITA,HKG,2311.28
1994,ITA,HKG,2947.79
1995,ITA,HKG,3572.65
1996,ITA,HKG,4111.94
1997,ITA,HKG,4007.27
1998,ITA,HKG,3035.45
1999,ITA,HKG,2671.43
2000,ITA,HKG,2864.21
2001,ITA,HKG,2836.46
2002,ITA,HKG,2695.57
2003,ITA,HKG,2804.61
2004,ITA,HKG,3344.49
2005,ITA,HKG,3416.93
2006,ITA,HKG,3684.39
2007,ITA,HKG,4119.86
2008,ITA,HKG,4387.05
2009,ITA,HKG,3612.41
2010,ITA,HKG,4547.38
2011,ITA,HKG,5833.51
2012,ITA,HKG,6007.84
2013,ITA,HKG,6535.71
2014,ITA,HKG,7066.54
2015,ITA,HKG,6392.02
2016,ITA,HKG,6127.07
2017,ITA,HKG,6161.57
2018,ITA,HKG,6662.17
2019,ITA,HKG,6379.86
1990,JPN,HKG,13268.99
1991,JPN,HKG,16396.84
1992,JPN,HKG,21472.83
1993,JPN,HKG,23014.76
1994,JPN,HKG,25238.08
1995,JPN,HKG,28601.88
1996,JPN,HKG,26923.97
1997,JPN,HKG,28630.73
1998,JPN,HKG,23250.51
1999,JPN,HKG,21001.8
2000,JPN,HKG,25597.51
2001,JPN,HKG,22705.05
2002,JPN,HKG,23477.13
2003,JPN,HKG,27561.27
2004,JPN,HKG,32957.16
2005,JPN,HKG,33028.25
2006,JPN,HKG,34548.98
2007,JPN,HKG,36892.9
2008,JPN,HKG,38263.02
2009,JPN,HKG,30521.9
2010,JPN,HKG,39710.03
2011,JPN,HKG,40974.68
2012,JPN,HKG,40225.93
2013,JPN,HKG,36974.91
2014,JPN,HKG,37315.85
2015,JPN,HKG,35252.72
2016,JPN,HKG,33517.06
2017,JPN,HKG,35769.91
2018,JPN,HKG,34880.46
2019,JPN,HKG,33727.21
1990,KWT,HKG,8.53
1991,KWT,HKG,0.2
1992,KWT,HKG,8.44
1993,KWT,HKG,19.22
1994,KWT,HKG,68.11
1995,KWT,HKG,33.58
1996,KWT,HKG,35.36
1997,KWT,HKG,17.41
1998,KWT,HKG,37.83
1999,KWT,HKG,50.21
2000,KWT,HKG,55.1
2001,KWT,HKG,47.58
2002,KWT,HKG,73.26
2003,KWT,HKG,84.34
2004,KWT,HKG,412.96
2005,KWT,HKG,223.58
2006,KWT,HKG,208.23
2007,KWT,HKG,71.32
2008,KWT,HKG,65.11
2009,KWT,HKG,82.58
2010,KWT,HKG,147.61
2011,KWT,HKG,115.02
2012,KWT,HKG,93.09
2013,KWT,HKG,109.56
2014,KWT,HKG,87.7
2015,KWT,HKG,46.02
2016,KWT,HKG,36.68
2017,KWT,HKG,98.67
2018,KWT,HKG,61.7
2019,KWT,HKG,47.14
1990,MYS,HKG,1052.67
1991,MYS,HKG,1268.94
1992,MYS,HKG,1657.1
1993,MYS,HKG,2049.59
1994,MYS,HKG,2609.04
1995,MYS,HKG,3722.65
1996,MYS,HKG,4397.11
1997,MYS,HKG,4909.35
1998,MYS,HKG,4195.07
1999,MYS,HKG,3870.88
2000,MYS,HKG,4864.58
2001,MYS,HKG,5044.42
2002,MYS,HKG,5098.17
2003,MYS,HKG,5740.84
2004,MYS,HKG,6684.12
2005,MYS,HKG,7352.65
2006,MYS,HKG,7775.27
2007,MYS,HKG,8059.59
2008,MYS,HKG,8501.86
2009,MYS,HKG,8783.29
2010,MYS,HKG,10913.08
2011,MYS,HKG,11438.77
2012,MYS,HKG,10790.95
2013,MYS,HKG,11308.42
2014,MYS,HKG,13182.5
2015,MYS,HKG,12132.6
2016,MYS,HKG,11685.25
2017,MYS,HKG,14752.29
2018,MYS,HKG,24136.83
2019,MYS,HKG,20677.6
1990,MEX,HKG,65.47
1991,MEX,HKG,94.37
1992,MEX,HKG,95.33
1993,MEX,HKG,90.14
1994,MEX,HKG,95.95
1995,MEX,HKG,216.64
1996,MEX,HKG,224.15
1997,MEX,HKG,166.17
1998,MEX,HKG,211.55
1999,MEX,HKG,197.11
2000,MEX,HKG,246.38
2001,MEX,HKG,290.41
2002,MEX,HKG,224.66
2003,MEX,HKG,177.95
2004,MEX,HKG,167.74
2005,MEX,HKG,211.5
2006,MEX,HKG,258.83
2007,MEX,HKG,298.73
2008,MEX,HKG,389.46
2009,MEX,HKG,384.21
2010,MEX,HKG,496.56
2011,MEX,HKG,564.65
2012,MEX,HKG,524.2
2013,MEX,HKG,565.76
2014,MEX,HKG,875.8
2015,MEX,HKG,741.13
2016,MEX,HKG,699.65
2017,MEX,HKG,841.42
2018,MEX,HKG,987.36
2019,MEX,HKG,1102.44
1990,NZL,HKG,152.65
1991,NZL,HKG,169.38
1992,NZL,HKG,244.2
1993,NZL,HKG,274.87
1994,NZL,HKG,348.31
1995,NZL,HKG,431.3
1996,NZL,HKG,483.76
1997,NZL,HKG,471.65
1998,NZL,HKG,406.61
1999,NZL,HKG,355.29
2000,NZL,HKG,406.77
2001,NZL,HKG,357.25
2002,NZL,HKG,292.87
2003,NZL,HKG,283.41
2004,NZL,HKG,319.41
2005,NZL,HKG,288.75
2006,NZL,HKG,344.44
2007,NZL,HKG,381.45
2008,NZL,HKG,430.25
2009,NZL,HKG,428.62
2010,NZL,HKG,460.2
2011,NZL,HKG,522.24
2012,NZL,HKG,604.09
2013,NZL,HKG,585.3
2014,NZL,HKG,565.73
2015,NZL,HKG,479.91
2016,NZL,HKG,481.09
2017,NZL,HKG,604.96
2018,NZL,HKG,686.7
2019,NZL,HKG,785.25
1990,NOR,HKG,46.73
1991,NOR,HKG,51.99
1992,NOR,HKG,51.68
1993,NOR,HKG,70.37
1994,NOR,HKG,72.36
1995,NOR,HKG,130.99
1996,NOR,HKG,116.67
1997,NOR,HKG,143.86
1998,NOR,HKG,110.43
1999,NOR,HKG,100.26
2000,NOR,HKG,130.67
2001,NOR,HKG,122.98
2002,NOR,HKG,114.05
2003,NOR,HKG,138.8
2004,NOR,HKG,178.47
2005,NOR,HKG,215.46
2006,NOR,HKG,247.51
2007,NOR,HKG,271.62
2008,NOR,HKG,219.44
2009,NOR,HKG,175.65
2010,NOR,HKG,222.5
2011,NOR,HKG,224.58
2012,NOR,HKG,203.07
2013,NOR,HKG,231
2014,NOR,HKG,251.55
2015,NOR,HKG,213.51
2016,NOR,HKG,210.95
2017,NOR,HKG,177.41
2018,NOR,HKG,181.89
2019,NOR,HKG,165.77
1990,PHL,HKG,328.06
1991,PHL,HKG,382.81
1992,PHL,HKG,446.69
1993,PHL,HKG,517.8
1994,PHL,HKG,607.97
1995,PHL,HKG,861.77
1996,PHL,HKG,953.98
1997,PHL,HKG,1268.78
1998,PHL,HKG,1323.5
1999,PHL,HKG,1589.9
2000,PHL,HKG,2087.79
2001,PHL,HKG,1976.98
2002,PHL,HKG,2710.95
2003,PHL,HKG,3753.51
2004,PHL,HKG,4367.4
2005,PHL,HKG,4924.02
2006,PHL,HKG,5188.55
2007,PHL,HKG,6132.43
2008,PHL,HKG,6220.32
2009,PHL,HKG,4209.1
2010,PHL,HKG,5113.98
2011,PHL,HKG,5247.16
2012,PHL,HKG,5285
2013,PHL,HKG,5421.77
2014,PHL,HKG,6613.54
2015,PHL,HKG,7892.75
2016,PHL,HKG,8714.34
2017,PHL,HKG,11166.39
2018,PHL,HKG,11099.38
2019,PHL,HKG,9970.12
1990,PRT,HKG,20.11
1991,PRT,HKG,17.04
1992,PRT,HKG,18.86
1993,PRT,HKG,25.31
1994,PRT,HKG,35.84
1995,PRT,HKG,50.56
1996,PRT,HKG,47.83
1997,PRT,HKG,46.82
1998,PRT,HKG,44.16
1999,PRT,HKG,42.9
2000,PRT,HKG,63.55
2001,PRT,HKG,66.31
2002,PRT,HKG,63.97
2003,PRT,HKG,51.57
2004,PRT,HKG,64.3
2005,PRT,HKG,103.27
2006,PRT,HKG,95.24
2007,PRT,HKG,61.35
2008,PRT,HKG,79.93
2009,PRT,HKG,67.62
2010,PRT,HKG,105.49
2011,PRT,HKG,122.06
2012,PRT,HKG,131.41
2013,PRT,HKG,133.22
2014,PRT,HKG,145
2015,PRT,HKG,125.26
2016,PRT,HKG,128.16
2017,PRT,HKG,154.86
2018,PRT,HKG,147.42
2019,PRT,HKG,127.13
1990,SAU,HKG,88.93
1991,SAU,HKG,107.23
1992,SAU,HKG,133.64
1993,SAU,HKG,117.65
1994,SAU,HKG,227.73
1995,SAU,HKG,364.04
1996,SAU,HKG,250.25
1997,SAU,HKG,346.43
1998,SAU,HKG,206.75
1999,SAU,HKG,219.93
2000,SAU,HKG,225.54
2001,SAU,HKG,184.19
2002,SAU,HKG,222.38
2003,SAU,HKG,261.48
2004,SAU,HKG,373.09
2005,SAU,HKG,436.31
2006,SAU,HKG,483.27
2007,SAU,HKG,471.07
2008,SAU,HKG,429.04
2009,SAU,HKG,463.23
2010,SAU,HKG,630.88
2011,SAU,HKG,709.96
2012,SAU,HKG,673.17
2013,SAU,HKG,689.04
2014,SAU,HKG,642.57
2015,SAU,HKG,643.98
2016,SAU,HKG,487.34
2017,SAU,HKG,394.28
2018,SAU,HKG,529.01
2019,SAU,HKG,490.02
1990,SGP,HKG,3353.42
1991,SGP,HKG,4056.58
1992,SGP,HKG,5050.25
1993,SGP,HKG,6184.04
1994,SGP,HKG,8017.99
1995,SGP,HKG,10088.81
1996,SGP,HKG,10536.76
1997,SGP,HKG,10235.96
1998,SGP,HKG,7939.19
1999,SGP,HKG,7738.9
2000,SGP,HKG,9643.25
2001,SGP,HKG,9363.91
2002,SGP,HKG,9716.58
2003,SGP,HKG,11646.58
2004,SGP,HKG,14262.66
2005,SGP,HKG,17411.78
2006,SGP,HKG,21226.23
2007,SGP,HKG,25005.44
2008,SGP,HKG,25044.14
2009,SGP,HKG,22561.66
2010,SGP,HKG,30573.85
2011,SGP,HKG,32740.55
2012,SGP,HKG,31768.65
2013,SGP,HKG,31824.28
2014,SGP,HKG,33732.7
2015,SGP,HKG,34574.96
2016,SGP,HKG,35460.49
2017,SGP,HKG,37688.06
2018,SGP,HKG,40412.64
2019,SGP,HKG,37630.18
1990,ZAF,HKG,372.64
1991,ZAF,HKG,401.51
1992,ZAF,HKG,549.35
1993,ZAF,HKG,586.42
1994,ZAF,HKG,500.35
1995,ZAF,HKG,612.28
1996,ZAF,HKG,667.51
1997,ZAF,HKG,563.34
1998,ZAF,HKG,416.43
1999,ZAF,HKG,523.61
2000,ZAF,HKG,483.96
2001,ZAF,HKG,435
2002,ZAF,HKG,452.33
2003,ZAF,HKG,586.39
2004,ZAF,HKG,660.84
2005,ZAF,HKG,620.25
2006,ZAF,HKG,493.85
2007,ZAF,HKG,492.51
2008,ZAF,HKG,568.64
2009,ZAF,HKG,760.45
2010,ZAF,HKG,661.74
2011,ZAF,HKG,927.29
2012,ZAF,HKG,1108
2013,ZAF,HKG,832.66
2014,ZAF,HKG,1112.66
2015,ZAF,HKG,3612.34
2016,ZAF,HKG,3882.98
2017,ZAF,HKG,3226.19
2018,ZAF,HKG,2849.88
2019,ZAF,HKG,1939.47
1990,ESP,HKG,156.12
1991,ESP,HKG,217.87
1992,ESP,HKG,268.27
1993,ESP,HKG,343.43
1994,ESP,HKG,424.62
1995,ESP,HKG,478.55
1996,ESP,HKG,601.88
1997,ESP,HKG,613.29
1998,ESP,HKG,698.53
1999,ESP,HKG,434.79
2000,ESP,HKG,498.76
2001,ESP,HKG,429.12
2002,ESP,HKG,422.41
2003,ESP,HKG,417.42
2004,ESP,HKG,471.37
2005,ESP,HKG,502.49
2006,ESP,HKG,551.1
2007,ESP,HKG,653.85
2008,ESP,HKG,820.83
2009,ESP,HKG,696.46
2010,ESP,HKG,871.55
2011,ESP,HKG,1134.55
2012,ESP,HKG,1074.99
2013,ESP,HKG,1010.96
2014,ESP,HKG,1023.36
2015,ESP,HKG,857.43
2016,ESP,HKG,945.32
2017,ESP,HKG,1013.93
2018,ESP,HKG,1017.33
2019,ESP,HKG,997.61
1990,SWE,HKG,215.72
1991,SWE,HKG,209.25
1992,SWE,HKG,281.32
1993,SWE,HKG,339.17
1994,SWE,HKG,388.07
1995,SWE,HKG,484.39
1996,SWE,HKG,793.35
1997,SWE,HKG,1023.7
1998,SWE,HKG,879.97
1999,SWE,HKG,500.03
2000,SWE,HKG,603.19
2001,SWE,HKG,477.71
2002,SWE,HKG,361.3
2003,SWE,HKG,427.4
2004,SWE,HKG,508.44
2005,SWE,HKG,449.64
2006,SWE,HKG,465.26
2007,SWE,HKG,530.68
2008,SWE,HKG,534.26
2009,SWE,HKG,399.52
2010,SWE,HKG,484.72
2011,SWE,HKG,553.8
2012,SWE,HKG,479.76
2013,SWE,HKG,467.1
2014,SWE,HKG,465.97
2015,SWE,HKG,525.06
2016,SWE,HKG,454.33
2017,SWE,HKG,329.26
2018,SWE,HKG,267.12
2019,SWE,HKG,236.85
1990,CHE,HKG,1473.69
1991,CHE,HKG,1387.11
1992,CHE,HKG,1594.79
1993,CHE,HKG,1581.9
1994,CHE,HKG,1919.53
1995,CHE,HKG,2137.45
1996,CHE,HKG,1990.75
1997,CHE,HKG,2036.12
1998,CHE,HKG,1794.97
1999,CHE,HKG,1920.53
2000,CHE,HKG,2361.88
2001,CHE,HKG,2622.96
2002,CHE,HKG,2912.15
2003,CHE,HKG,2966.59
2004,CHE,HKG,3484
2005,CHE,HKG,3680.99
2006,CHE,HKG,3624.73
2007,CHE,HKG,4572.89
2008,CHE,HKG,6002.25
2009,CHE,HKG,5332.67
2010,CHE,HKG,6721.64
2011,CHE,HKG,10171.12
2012,CHE,HKG,10144.6
2013,CHE,HKG,9963.23
2014,CHE,HKG,10244.23
2015,CHE,HKG,18741.07
2016,CHE,HKG,18471.95
2017,CHE,HKG,15160.11
2018,CHE,HKG,15806.21
2019,CHE,HKG,10492.14
1990,THA,HKG,1046.33
1991,THA,HKG,1323.3
1992,THA,HKG,1525.94
1993,THA,HKG,1682.43
1994,THA,HKG,2225.04
1995,THA,HKG,2727.79
1996,THA,HKG,3070.47
1997,THA,HKG,3367.62
1998,THA,HKG,2871.78
1999,THA,HKG,2942.05
2000,THA,HKG,3599.8
2001,THA,HKG,3516.22
2002,THA,HKG,3796.6
2003,THA,HKG,4269.89
2004,THA,HKG,4871.06
2005,THA,HKG,5983.73
2006,THA,HKG,6824.46
2007,THA,HKG,7510.39
2008,THA,HKG,8194.91
2009,THA,HKG,7434.83
2010,THA,HKG,9831.48
2011,THA,HKG,9842.32
2012,THA,HKG,9400.44
2013,THA,HKG,10011.7
2014,THA,HKG,11384.78
2015,THA,HKG,11365.2
2016,THA,HKG,11040.93
2017,THA,HKG,11692.63
2018,THA,HKG,11878.81
2019,THA,HKG,11306.4
1990,TUR,HKG,32.76
1991,TUR,HKG,31.67
1992,TUR,HKG,24.35
1993,TUR,HKG,114.15
1994,TUR,HKG,223.51
1995,TUR,HKG,237.73
1996,TUR,HKG,202.79
1997,TUR,HKG,259.11
1998,TUR,HKG,198.44
1999,TUR,HKG,104.87
2000,TUR,HKG,114.51
2001,TUR,HKG,162.46
2002,TUR,HKG,131.8
2003,TUR,HKG,132.8
2004,TUR,HKG,154.91
2005,TUR,HKG,125.9
2006,TUR,HKG,127.21
2007,TUR,HKG,164.97
2008,TUR,HKG,176.27
2009,TUR,HKG,175.88
2010,TUR,HKG,242.43
2011,TUR,HKG,414.04
2012,TUR,HKG,357.87
2013,TUR,HKG,374.67
2014,TUR,HKG,410.24
2015,TUR,HKG,340.9
2016,TUR,HKG,361.08
2017,TUR,HKG,582.15
2018,TUR,HKG,760.6
2019,TUR,HKG,698.41
1990,GBR,HKG,1812.32
1991,GBR,HKG,2128.83
1992,GBR,HKG,2483.29
1993,GBR,HKG,2770.85
1994,GBR,HKG,3287.11
1995,GBR,HKG,3935.91
1996,GBR,HKG,4300.79
1997,GBR,HKG,4686.67
1998,GBR,HKG,3832.72
1999,GBR,HKG,3480.86
2000,GBR,HKG,4085.15
2001,GBR,HKG,3716.91
2002,GBR,HKG,3343.92
2003,GBR,HKG,3115.17
2004,GBR,HKG,3709.28
2005,GBR,HKG,3990.98
2006,GBR,HKG,4051.42
2007,GBR,HKG,3880.22
2008,GBR,HKG,4890.9
2009,GBR,HKG,4667.8
2010,GBR,HKG,5129.65
2011,GBR,HKG,6326.89
2012,GBR,HKG,6916.77
2013,GBR,HKG,6973.49
2014,GBR,HKG,6263.46
2015,GBR,HKG,9606.23
2016,GBR,HKG,6504.19
2017,GBR,HKG,7980.71
2018,GBR,HKG,10005.16
2019,GBR,HKG,10183.41
1990,USA,HKG,6653.27
1991,USA,HKG,7575.72
1992,USA,HKG,9128.27
1993,USA,HKG,10271.15
1994,USA,HKG,11565
1995,USA,HKG,14881.56
1996,USA,HKG,15657.95
1997,USA,HKG,16199.98
1998,USA,HKG,13767.14
1999,USA,HKG,12719.52
2000,USA,HKG,14498.63
2001,USA,HKG,13485.84
2002,USA,HKG,11822.05
2003,USA,HKG,12784.05
2004,USA,HKG,14499.92
2005,USA,HKG,15444.05
2006,USA,HKG,16046.65
2007,USA,HKG,17952.53
2008,USA,HKG,19541.14
2009,USA,HKG,18550.26
2010,USA,HKG,23322.56
2011,USA,HKG,27404.87
2012,USA,HKG,26695.98
2013,USA,HKG,28547.21
2014,USA,HKG,28413.61
2015,USA,HKG,30961.15
2016,USA,HKG,28249.95
2017,USA,HKG,30868.04
2018,USA,HKG,31774.35
2019,USA,HKG,27376.75
1990,HKG,AUS,1237.77
1990,HKG,AUS,1237.77
1991,HKG,AUS,1386.31
1991,HKG,AUS,1386.31
1992,HKG,AUS,1658.21
1992,HKG,AUS,1658.21
1993,HKG,AUS,1779.26
1993,HKG,AUS,1779.26
1994,HKG,AUS,2128.88
1994,HKG,AUS,2128.88
1995,HKG,AUS,2393
1995,HKG,AUS,2393
1996,HKG,AUS,2451.33
1996,HKG,AUS,2451.33
1997,HKG,AUS,2496.2
1997,HKG,AUS,2496.2
1998,HKG,AUS,2327.04
1998,HKG,AUS,2327.04
1999,HKG,AUS,2306.34
1999,HKG,AUS,2306.34
2000,HKG,AUS,2546.97
2000,HKG,AUS,2546.97
2001,HKG,AUS,2246.49
2001,HKG,AUS,2246.49
2002,HKG,AUS,2409.93
2002,HKG,AUS,2409.93
2003,HKG,AUS,2731.96
2003,HKG,AUS,2731.96
2004,HKG,AUS,3195.17
2004,HKG,AUS,3195.17
2005,HKG,AUS,3454.83
2005,HKG,AUS,3454.83
2006,HKG,AUS,3704.09
2006,HKG,AUS,3704.09
2007,HKG,AUS,4446.36
2007,HKG,AUS,4446.36
2008,HKG,AUS,5018.25
2008,HKG,AUS,5018.25
2009,HKG,AUS,4691.89
2009,HKG,AUS,4691.89
2010,HKG,AUS,4903.11
2010,HKG,AUS,4903.11
2011,HKG,AUS,5342.67
2011,HKG,AUS,5342.67
2012,HKG,AUS,5071.66
2012,HKG,AUS,5071.66
2013,HKG,AUS,4796.39
2013,HKG,AUS,4796.39
2014,HKG,AUS,4441.76
2014,HKG,AUS,4441.76
2015,HKG,AUS,4737.18
2015,HKG,AUS,4737.18
2016,HKG,AUS,4496.38
2016,HKG,AUS,4496.38
2017,HKG,AUS,4602.62
2017,HKG,AUS,4602.62
2018,HKG,AUS,4622.84
2018,HKG,AUS,4622.84
2019,HKG,AUS,4163.03
2019,HKG,AUS,4163.03
1990,HKG,AUT,495.53
1991,HKG,AUT,558.11
1992,HKG,AUT,590.11
1993,HKG,AUT,656.14
1994,HKG,AUT,745.05
1995,HKG,AUT,828.8
1996,HKG,AUT,779.29
1997,HKG,AUT,691.22
1998,HKG,AUT,575.74
1999,HKG,AUT,497.3
2000,HKG,AUT,511.44
2001,HKG,AUT,438.44
2002,HKG,AUT,358.27
2003,HKG,AUT,445.68
2004,HKG,AUT,583.28
2005,HKG,AUT,578.07
2006,HKG,AUT,596.82
2007,HKG,AUT,707.26
2008,HKG,AUT,634.02
2009,HKG,AUT,483.06
2010,HKG,AUT,583.05
2011,HKG,AUT,677.2
2012,HKG,AUT,583.62
2013,HKG,AUT,598.55
2014,HKG,AUT,612.3
2015,HKG,AUT,629.14
2016,HKG,AUT,614.45
2017,HKG,AUT,652.09
2018,HKG,AUT,812.17
2019,HKG,AUT,832.61
1990,HKG,BEL,
1991,HKG,BEL,
1992,HKG,BEL,
1993,HKG,BEL,
1994,HKG,BEL,
1995,HKG,BEL,
1996,HKG,BEL,
1997,HKG,BEL,1187.51
1998,HKG,BEL,1026.65
1999,HKG,BEL,1130.11
2000,HKG,BEL,1286.08
2001,HKG,BEL,1256.66
2002,HKG,BEL,1298.29
2003,HKG,BEL,1451.86
2004,HKG,BEL,1683.49
2005,HKG,BEL,1936.23
2006,HKG,BEL,2132.46
2007,HKG,BEL,1959.26
2008,HKG,BEL,2143.12
2009,HKG,BEL,1867.74
2010,HKG,BEL,2092.15
2011,HKG,BEL,2805.41
2012,HKG,BEL,2859.07
2013,HKG,BEL,2933.94
2014,HKG,BEL,3140.07
2015,HKG,BEL,2390.92
2016,HKG,BEL,2383.53
2017,HKG,BEL,2292.86
2018,HKG,BEL,2660.55
2019,HKG,BEL,2308.05
1990,HKG,CAN,1526.77
1991,HKG,CAN,1739.29
1992,HKG,CAN,2082.62
1993,HKG,CAN,2247.81
1994,HKG,CAN,2377.14
1995,HKG,CAN,2633.5
1996,HKG,CAN,2491.67
1997,HKG,CAN,2762.26
1998,HKG,CAN,2765.78
1999,HKG,CAN,2818.46
2000,HKG,CAN,3132.62
2001,HKG,CAN,2932.79
2002,HKG,CAN,3018.26
2003,HKG,CAN,2926.99
2004,HKG,CAN,3137.37
2005,HKG,CAN,3353.98
2006,HKG,CAN,3491.88
2007,HKG,CAN,3400.59
2008,HKG,CAN,3534.91
2009,HKG,CAN,2911.58
2010,HKG,CAN,3079.95
2011,HKG,CAN,3180.84
2012,HKG,CAN,3113.49
2013,HKG,CAN,2963.17
2014,HKG,CAN,2923.97
2015,HKG,CAN,2385.67
2016,HKG,CAN,2381.71
2017,HKG,CAN,2281.77
2018,HKG,CAN,2364.73
2019,HKG,CAN,2370.84
1990,HKG,DNK,312.91
1991,HKG,DNK,458.33
1992,HKG,DNK,492.2
1993,HKG,DNK,412.47
1994,HKG,DNK,477.18
1995,HKG,DNK,572.81
1996,HKG,DNK,643.55
1997,HKG,DNK,654.24
1998,HKG,DNK,666.82
1999,HKG,DNK,718
2000,HKG,DNK,710.15
2001,HKG,DNK,598.98
2002,HKG,DNK,590.48
2003,HKG,DNK,679.83
2004,HKG,DNK,807.55
2005,HKG,DNK,1105.64
2006,HKG,DNK,920.5
2007,HKG,DNK,862.48
2008,HKG,DNK,884.56
2009,HKG,DNK,665.7
2010,HKG,DNK,758.06
2011,HKG,DNK,733.39
2012,HKG,DNK,664.24
2013,HKG,DNK,603.26
2014,HKG,DNK,563.55
2015,HKG,DNK,446.34
2016,HKG,DNK,445.73
2017,HKG,DNK,451.66
2018,HKG,DNK,464.09
2019,HKG,DNK,416.36
1990,HKG,FIN,176.95
1991,HKG,FIN,185.08
1992,HKG,FIN,206.13
1993,HKG,FIN,203.2
1994,HKG,FIN,292.5
1995,HKG,FIN,344.83
1996,HKG,FIN,402.79
1997,HKG,FIN,385.59
1998,HKG,FIN,415.52
1999,HKG,FIN,351.75
2000,HKG,FIN,460.75
2001,HKG,FIN,364.61
2002,HKG,FIN,362.61
2003,HKG,FIN,528.18
2004,HKG,FIN,907.96
2005,HKG,FIN,1243.25
2006,HKG,FIN,1258.45
2007,HKG,FIN,1213.74
2008,HKG,FIN,1248.37
2009,HKG,FIN,684.14
2010,HKG,FIN,860.77
2011,HKG,FIN,964.04
2012,HKG,FIN,1260.5
2013,HKG,FIN,1087.46
2014,HKG,FIN,866.52
2015,HKG,FIN,363.53
2016,HKG,FIN,360.95
2017,HKG,FIN,338.88
2018,HKG,FIN,389.05
2019,HKG,FIN,275.91
1990,HKG,FRA,1289.04
1991,HKG,FRA,1640.66
1992,HKG,FRA,1834.9
1993,HKG,FRA,2012.86
1994,HKG,FRA,2132.83
1995,HKG,FRA,2666.31
1996,HKG,FRA,2814.74
1997,HKG,FRA,3036.31
1998,HKG,FRA,3161.91
1999,HKG,FRA,3346.02
2000,HKG,FRA,3589.28
2001,HKG,FRA,2981.06
2002,HKG,FRA,2630.76
2003,HKG,FRA,2834.02
2004,HKG,FRA,3415.17
2005,HKG,FRA,4077.47
2006,HKG,FRA,4294.39
2007,HKG,FRA,4563.08
2008,HKG,FRA,4841.81
2009,HKG,FRA,3702.92
2010,HKG,FRA,4515.52
2011,HKG,FRA,5107.12
2012,HKG,FRA,4801.55
2013,HKG,FRA,5299.89
2014,HKG,FRA,5117.24
2015,HKG,FRA,4478.78
2016,HKG,FRA,4472.78
2017,HKG,FRA,4735.56
2018,HKG,FRA,4556.28
2019,HKG,FRA,4523.67
1990,HKG,DEU,5315.31
1991,HKG,DEU,6612.91
1992,HKG,DEU,6338.34
1993,HKG,DEU,7079.8
1994,HKG,DEU,7042.36
1995,HKG,DEU,7490.63
1996,HKG,DEU,7576.97
1997,HKG,DEU,7318.93
1998,HKG,DEU,6711.22
1999,HKG,DEU,6801.26
2000,HKG,DEU,7690.89
2001,HKG,DEU,6624.18
2002,HKG,DEU,6270.46
2003,HKG,DEU,7224.79
2004,HKG,DEU,8082.22
2005,HKG,DEU,9358.22
2006,HKG,DEU,9750.62
2007,HKG,DEU,10408.12
2008,HKG,DEU,12075.03
2009,HKG,DEU,10242.94
2010,HKG,DEU,10390.15
2011,HKG,DEU,11469.87
2012,HKG,DEU,10050.64
2013,HKG,DEU,9526.81
2014,HKG,DEU,9367.68
2015,HKG,DEU,8673.4
2016,HKG,DEU,8602.1
2017,HKG,DEU,9508.29
2018,HKG,DEU,9732.59
2019,HKG,DEU,8869.61
1990,HKG,GRC,137.2
1991,HKG,GRC,173.97
1992,HKG,GRC,214.58
1993,HKG,GRC,232.79
1994,HKG,GRC,219.43
1995,HKG,GRC,286.53
1996,HKG,GRC,288.66
1997,HKG,GRC,256.17
1998,HKG,GRC,235.46
1999,HKG,GRC,236.99
2000,HKG,GRC,224.67
2001,HKG,GRC,202.42
2002,HKG,GRC,184.04
2003,HKG,GRC,233.49
2004,HKG,GRC,262.38
2005,HKG,GRC,285.49
2006,HKG,GRC,268.68
2007,HKG,GRC,299.55
2008,HKG,GRC,312.84
2009,HKG,GRC,241.57
2010,HKG,GRC,191.62
2011,HKG,GRC,179.43
2012,HKG,GRC,127.59
2013,HKG,GRC,128.72
2014,HKG,GRC,141.74
2015,HKG,GRC,148.02
2016,HKG,GRC,147.83
2017,HKG,GRC,148.05
2018,HKG,GRC,179.29
2019,HKG,GRC,156.24
1990,HKG,HUN,37.28
1991,HKG,HUN,54.07
1992,HKG,HUN,51.55
1993,HKG,HUN,72.11
1994,HKG,HUN,85.64
1995,HKG,HUN,98.06
1996,HKG,HUN,93.73
1997,HKG,HUN,98.31
1998,HKG,HUN,127.44
1999,HKG,HUN,174.87
2000,HKG,HUN,285.43
2001,HKG,HUN,347.54
2002,HKG,HUN,586.54
2003,HKG,HUN,433.37
2004,HKG,HUN,775.63
2005,HKG,HUN,994.72
2006,HKG,HUN,983.51
2007,HKG,HUN,1153.16
2008,HKG,HUN,1201.44
2009,HKG,HUN,860.92
2010,HKG,HUN,1311.58
2011,HKG,HUN,1159.26
2012,HKG,HUN,1211.82
2013,HKG,HUN,1320.85
2014,HKG,HUN,1581.63
2015,HKG,HUN,1724.01
2016,HKG,HUN,1721.72
2017,HKG,HUN,1777.92
2018,HKG,HUN,1949.51
2019,HKG,HUN,1601.99
1990,HKG,IND,304.99
1991,HKG,IND,240.8
1992,HKG,IND,329.67
1993,HKG,IND,384.77
1994,HKG,IND,521.96
1995,HKG,IND,802.52
1996,HKG,IND,768.48
1997,HKG,IND,690.36
1998,HKG,IND,683.93
1999,HKG,IND,1105.34
2000,HKG,IND,1296.93
2001,HKG,IND,1201.95
2002,HKG,IND,1443.92
2003,HKG,IND,1905.64
2004,HKG,IND,2096.53
2005,HKG,IND,2804.9
2006,HKG,IND,2957.62
2007,HKG,IND,4467.19
2008,HKG,IND,6704.77
2009,HKG,IND,6750.68
2010,HKG,IND,9586.8
2011,HKG,IND,12032.34
2012,HKG,IND,9952.06
2013,HKG,IND,10744.85
2014,HKG,IND,12148.33
2015,HKG,IND,15419.07
2016,HKG,IND,15041.51
2017,HKG,IND,21045.83
2018,HKG,IND,17901.99
2019,HKG,IND,15495.14
1990,HKG,IDN,754.3
1991,HKG,IDN,704.87
1992,HKG,IDN,734.35
1993,HKG,IDN,844.8
1994,HKG,IDN,920.65
1995,HKG,IDN,1061.91
1996,HKG,IDN,1006.2
1997,HKG,IDN,917.13
1998,HKG,IDN,520.85
1999,HKG,IDN,773.06
2000,HKG,IDN,950.28
2001,HKG,IDN,842.93
2002,HKG,IDN,864.68
2003,HKG,IDN,1000.93
2004,HKG,IDN,1108.05
2005,HKG,IDN,1265.15
2006,HKG,IDN,1430.06
2007,HKG,IDN,1815.51
2008,HKG,IDN,2180.96
2009,HKG,IDN,2189.26
2010,HKG,IDN,2821.09
2011,HKG,IDN,2980.21
2012,HKG,IDN,2673.55
2013,HKG,IDN,2509.11
2014,HKG,IDN,2628.37
2015,HKG,IDN,3189.4
2016,HKG,IDN,2696.08
2017,HKG,IDN,3511.16
2018,HKG,IDN,3190.91
2019,HKG,IDN,3860.88
1990,HKG,IRL,70.06
1991,HKG,IRL,97.1
1992,HKG,IRL,115.13
1993,HKG,IRL,109.99
1994,HKG,IRL,127.71
1995,HKG,IRL,248.61
1996,HKG,IRL,226.63
1997,HKG,IRL,242.61
1998,HKG,IRL,322.86
1999,HKG,IRL,304.89
2000,HKG,IRL,367.11
2001,HKG,IRL,369.14
2002,HKG,IRL,324.12
2003,HKG,IRL,360.17
2004,HKG,IRL,419.14
2005,HKG,IRL,395.03
2006,HKG,IRL,405.66
2007,HKG,IRL,396.34
2008,HKG,IRL,397.6
2009,HKG,IRL,301.84
2010,HKG,IRL,321.8
2011,HKG,IRL,298.71
2012,HKG,IRL,253.2
2013,HKG,IRL,262.8
2014,HKG,IRL,289.86
2015,HKG,IRL,277.17
2016,HKG,IRL,276.81
2017,HKG,IRL,262.45
2018,HKG,IRL,313.45
2019,HKG,IRL,244.72
1990,HKG,ITA,1012.38
1991,HKG,ITA,1339.86
1992,HKG,ITA,1676.24
1993,HKG,ITA,1479
1994,HKG,ITA,1601.56
1995,HKG,ITA,1805.06
1996,HKG,ITA,1771.93
1997,HKG,ITA,1879.64
1998,HKG,ITA,1876.82
1999,HKG,ITA,1949.79
2000,HKG,ITA,2246.34
2001,HKG,ITA,2052.89
2002,HKG,ITA,2081.29
2003,HKG,ITA,2478.59
2004,HKG,ITA,3004.79
2005,HKG,ITA,3408.92
2006,HKG,ITA,3878.67
2007,HKG,ITA,4213.04
2008,HKG,ITA,4366.93
2009,HKG,ITA,3549.62
2010,HKG,ITA,3674.85
2011,HKG,ITA,3827.72
2012,HKG,ITA,3221.92
2013,HKG,ITA,3128.5
2014,HKG,ITA,3147.56
2015,HKG,ITA,3356.13
2016,HKG,ITA,3345.74
2017,HKG,ITA,3287.33
2018,HKG,ITA,3614.93
2019,HKG,ITA,3277.43
1990,HKG,JPN,4679.86
1991,HKG,JPN,5307.46
1992,HKG,JPN,6261.59
1993,HKG,JPN,6958.99
1994,HKG,JPN,8436.26
1995,HKG,JPN,10596.4
1996,HKG,JPN,11829.07
1997,HKG,JPN,11413.99
1998,HKG,JPN,9122.06
1999,HKG,JPN,9413.29
2000,HKG,JPN,11194.89
2001,HKG,JPN,11249.67
2002,HKG,JPN,10745.36
2003,HKG,JPN,12087.88
2004,HKG,JPN,13813.06
2005,HKG,JPN,15258.39
2006,HKG,JPN,15494.78
2007,HKG,JPN,15342.64
2008,HKG,JPN,15555.51
2009,HKG,JPN,14066.35
2010,HKG,JPN,16483.52
2011,HKG,JPN,17378.47
2012,HKG,JPN,18575.93
2013,HKG,JPN,17450.84
2014,HKG,JPN,16988.49
2015,HKG,JPN,15076.35
2016,HKG,JPN,15054.98
2017,HKG,JPN,16543.48
2018,HKG,JPN,16535.8
2019,HKG,JPN,15476.64
1990,HKG,KWT,64.08
1991,HKG,KWT,15.54
1992,HKG,KWT,56.43
1993,HKG,KWT,62.27
1994,HKG,KWT,65.62
1995,HKG,KWT,76.69
1996,HKG,KWT,71.65
1997,HKG,KWT,75.19
1998,HKG,KWT,73.53
1999,HKG,KWT,63.85
2000,HKG,KWT,60.83
2001,HKG,KWT,50.21
2002,HKG,KWT,51.37
2003,HKG,KWT,50.2
2004,HKG,KWT,52.13
2005,HKG,KWT,53.13
2006,HKG,KWT,56.09
2007,HKG,KWT,57.63
2008,HKG,KWT,119.38
2009,HKG,KWT,115.49
2010,HKG,KWT,106.06
2011,HKG,KWT,130.52
2012,HKG,KWT,142.23
2013,HKG,KWT,220.77
2014,HKG,KWT,236.65
2015,HKG,KWT,155.92
2016,HKG,KWT,155.71
2017,HKG,KWT,156.63
2018,HKG,KWT,147.33
2019,HKG,KWT,185.05
1990,HKG,MYS,578.5
1991,HKG,MYS,710.79
1992,HKG,MYS,832.42
1993,HKG,MYS,903.19
1994,HKG,MYS,1155.61
1995,HKG,MYS,1546.53
1996,HKG,MYS,1693.76
1997,HKG,MYS,1720.77
1998,HKG,MYS,1364.33
1999,HKG,MYS,1416.15
2000,HKG,MYS,1805.77
2001,HKG,MYS,1614.03
2002,HKG,MYS,1983.28
2003,HKG,MYS,1981.09
2004,HKG,MYS,2294.31
2005,HKG,MYS,2391.25
2006,HKG,MYS,2806.93
2007,HKG,MYS,3239.78
2008,HKG,MYS,3491.22
2009,HKG,MYS,2470.44
2010,HKG,MYS,3320.24
2011,HKG,MYS,3674.61
2012,HKG,MYS,3711.57
2013,HKG,MYS,3443.06
2014,HKG,MYS,3858.7
2015,HKG,MYS,3524.16
2016,HKG,MYS,3515.58
2017,HKG,MYS,3680.22
2018,HKG,MYS,4479.59
2019,HKG,MYS,4437.45
1990,HKG,MEX,274.86
1991,HKG,MEX,362.75
1992,HKG,MEX,586.67
1993,HKG,MEX,512.74
1994,HKG,MEX,559.73
1995,HKG,MEX,391.93
1996,HKG,MEX,351.38
1997,HKG,MEX,485.6
1998,HKG,MEX,637.75
1999,HKG,MEX,700.48
2000,HKG,MEX,1168.76
2001,HKG,MEX,1158.96
2002,HKG,MEX,1654.55
2003,HKG,MEX,921.26
2004,HKG,MEX,939.2
2005,HKG,MEX,1175.86
2006,HKG,MEX,1455.86
2007,HKG,MEX,1600.6
2008,HKG,MEX,1738.41
2009,HKG,MEX,1245.33
2010,HKG,MEX,1763.43
2011,HKG,MEX,2085.97
2012,HKG,MEX,2195.67
2013,HKG,MEX,2951.59
2014,HKG,MEX,3721.59
2015,HKG,MEX,3597.06
2016,HKG,MEX,3592.41
2017,HKG,MEX,3719.32
2018,HKG,MEX,4390.59
2019,HKG,MEX,4661.2
1990,HKG,NZL,148.09
1991,HKG,NZL,163.76
1992,HKG,NZL,218.29
1993,HKG,NZL,241.95
1994,HKG,NZL,282.02
1995,HKG,NZL,328.06
1996,HKG,NZL,318.5
1997,HKG,NZL,336.41
1998,HKG,NZL,290.7
1999,HKG,NZL,319.69
2000,HKG,NZL,348.24
2001,HKG,NZL,275.99
2002,HKG,NZL,283.84
2003,HKG,NZL,354.78
2004,HKG,NZL,414.78
2005,HKG,NZL,467.32
2006,HKG,NZL,468.49
2007,HKG,NZL,521.52
2008,HKG,NZL,528.48
2009,HKG,NZL,413.88
2010,HKG,NZL,493.41
2011,HKG,NZL,533.85
2012,HKG,NZL,533.18
2013,HKG,NZL,533.2
2014,HKG,NZL,587.11
2015,HKG,NZL,544.34
2016,HKG,NZL,543.65
2017,HKG,NZL,535.47
2018,HKG,NZL,660.76
2019,HKG,NZL,673.44
1990,HKG,NOR,204.71
1991,HKG,NOR,266.01
1992,HKG,NOR,315.74
1993,HKG,NOR,331.96
1994,HKG,NOR,373.36
1995,HKG,NOR,413.78
1996,HKG,NOR,422.28
1997,HKG,NOR,429.55
1998,HKG,NOR,404.86
1999,HKG,NOR,372.62
2000,HKG,NOR,355.22
2001,HKG,NOR,292.64
2002,HKG,NOR,298.45
2003,HKG,NOR,320.22
2004,HKG,NOR,339.11
2005,HKG,NOR,367.48
2006,HKG,NOR,362.47
2007,HKG,NOR,364.73
2008,HKG,NOR,381.06
2009,HKG,NOR,305.28
2010,HKG,NOR,357.01
2011,HKG,NOR,362.66
2012,HKG,NOR,300.64
2013,HKG,NOR,323.17
2014,HKG,NOR,309.21
2015,HKG,NOR,222
2016,HKG,NOR,221.7
2017,HKG,NOR,185.1
2018,HKG,NOR,187.26
2019,HKG,NOR,178.33
1990,HKG,PHL,862.49
1991,HKG,PHL,916.38
1992,HKG,PHL,1108.38
1993,HKG,PHL,1336.33
1994,HKG,PHL,1867.77
1995,HKG,PHL,2009.22
1996,HKG,PHL,2155.47
1997,HKG,PHL,2209.13
1998,HKG,PHL,1687.93
1999,HKG,PHL,1742.56
2000,HKG,PHL,2011.02
2001,HKG,PHL,1925.6
2002,HKG,PHL,2308.33
2003,HKG,PHL,2227.29
2004,HKG,PHL,2521.26
2005,HKG,PHL,2607.13
2006,HKG,PHL,2637.24
2007,HKG,PHL,2812.48
2008,HKG,PHL,2716.45
2009,HKG,PHL,2003.14
2010,HKG,PHL,2182.01
2011,HKG,PHL,2585.28
2012,HKG,PHL,2901.4
2013,HKG,PHL,2823.47
2014,HKG,PHL,3078.18
2015,HKG,PHL,3279.82
2016,HKG,PHL,3275.49
2017,HKG,PHL,3652.43
2018,HKG,PHL,3864.84
2019,HKG,PHL,4536.04
1990,HKG,PRT,87.97
1991,HKG,PRT,121.09
1992,HKG,PRT,156.25
1993,HKG,PRT,177.47
1994,HKG,PRT,147.12
1995,HKG,PRT,226.34
1996,HKG,PRT,177.16
1997,HKG,PRT,165.04
1998,HKG,PRT,153.39
1999,HKG,PRT,149.46
2000,HKG,PRT,143.89
2001,HKG,PRT,125.39
2002,HKG,PRT,116.07
2003,HKG,PRT,120.85
2004,HKG,PRT,150.59
2005,HKG,PRT,183.26
2006,HKG,PRT,180.7
2007,HKG,PRT,248.98
2008,HKG,PRT,274.08
2009,HKG,PRT,195.41
2010,HKG,PRT,205.8
2011,HKG,PRT,247.06
2012,HKG,PRT,233.1
2013,HKG,PRT,231.27
2014,HKG,PRT,282.39
2015,HKG,PRT,311.37
2016,HKG,PRT,310.98
2017,HKG,PRT,340.65
2018,HKG,PRT,375.05
2019,HKG,PRT,316.22
1990,HKG,SAU,360.37
1991,HKG,SAU,467.87
1992,HKG,SAU,516.34
1993,HKG,SAU,541.84
1994,HKG,SAU,511.43
1995,HKG,SAU,520.36
1996,HKG,SAU,528.64
1997,HKG,SAU,483.04
1998,HKG,SAU,454.83
1999,HKG,SAU,435.45
2000,HKG,SAU,427.31
2001,HKG,SAU,329.9
2002,HKG,SAU,267.75
2003,HKG,SAU,266.13
2004,HKG,SAU,296.37
2005,HKG,SAU,301.26
2006,HKG,SAU,367.16
2007,HKG,SAU,407.98
2008,HKG,SAU,544.09
2009,HKG,SAU,572.97
2010,HKG,SAU,602.72
2011,HKG,SAU,628.36
2012,HKG,SAU,753.04
2013,HKG,SAU,788.54
2014,HKG,SAU,840.59
2015,HKG,SAU,1080.19
2016,HKG,SAU,1078.65
2017,HKG,SAU,1028.43
2018,HKG,SAU,1003.64
2019,HKG,SAU,1506.22
1990,HKG,SGP,2614.81
1991,HKG,SGP,2688.08
1992,HKG,SGP,3130.09
1993,HKG,SGP,3682.64
1994,HKG,SGP,4214.48
1995,HKG,SGP,4944.04
1996,HKG,SGP,4964.49
1997,HKG,SGP,4925.72
1998,HKG,SGP,3970.47
1999,HKG,SGP,4181.56
2000,HKG,SGP,4716.97
2001,HKG,SGP,3793.26
2002,HKG,SGP,4053.15
2003,HKG,SGP,4588.8
2004,HKG,SGP,5595.98
2005,HKG,SGP,5985.5
2006,HKG,SGP,6226.06
2007,HKG,SGP,6471.16
2008,HKG,SGP,7115.78
2009,HKG,SGP,5453.11
2010,HKG,SGP,6577.57
2011,HKG,SGP,7226.98
2012,HKG,SGP,7221.66
2013,HKG,SGP,7560.82
2014,HKG,SGP,7730.84
2015,HKG,SGP,9396.15
2016,HKG,SGP,7909.53
2017,HKG,SGP,11208.74
2018,HKG,SGP,12331.35
2019,HKG,SGP,10773.39
1990,HKG,ZAF,396.75
1991,HKG,ZAF,493.35
1992,HKG,ZAF,556.23
1993,HKG,ZAF,612.87
1994,HKG,ZAF,677.27
1995,HKG,ZAF,842.25
1996,HKG,ZAF,787.95
1997,HKG,ZAF,709.91
1998,HKG,ZAF,592.19
1999,HKG,ZAF,564.4
2000,HKG,ZAF,599.21
2001,HKG,ZAF,463.2
2002,HKG,ZAF,401.28
2003,HKG,ZAF,511.56
2004,HKG,ZAF,747.11
2005,HKG,ZAF,699.43
2006,HKG,ZAF,802.47
2007,HKG,ZAF,782.85
2008,HKG,ZAF,801.08
2009,HKG,ZAF,599.33
2010,HKG,ZAF,748.46
2011,HKG,ZAF,814.31
2012,HKG,ZAF,736.07
2013,HKG,ZAF,833.15
2014,HKG,ZAF,956.31
2015,HKG,ZAF,944.44
2016,HKG,ZAF,943.23
2017,HKG,ZAF,1149.12
2018,HKG,ZAF,1359.39
2019,HKG,ZAF,1148.56
1990,HKG,ESP,452.62
1991,HKG,ESP,685.7
1992,HKG,ESP,944.6
1993,HKG,ESP,937.69
1994,HKG,ESP,1019.27
1995,HKG,ESP,1221.69
1996,HKG,ESP,1222.12
1997,HKG,ESP,1312.68
1998,HKG,ESP,1420.23
1999,HKG,ESP,1425.83
2000,HKG,ESP,1503.55
2001,HKG,ESP,1423.03
2002,HKG,ESP,1385.68
2003,HKG,ESP,1685.13
2004,HKG,ESP,1883.47
2005,HKG,ESP,2249.44
2006,HKG,ESP,2400.49
2007,HKG,ESP,2397.98
2008,HKG,ESP,2267.06
2009,HKG,ESP,1676.92
2010,HKG,ESP,1921.08
2011,HKG,ESP,1993.83
2012,HKG,ESP,1725.97
2013,HKG,ESP,1789.29
2014,HKG,ESP,1993.84
2015,HKG,ESP,1766.64
2016,HKG,ESP,1764.23
2017,HKG,ESP,1769.56
2018,HKG,ESP,2169.98
2019,HKG,ESP,2038.4
1990,HKG,SWE,568.14
1991,HKG,SWE,613.12
1992,HKG,SWE,715.45
1993,HKG,SWE,716.86
1994,HKG,SWE,824.26
1995,HKG,SWE,731.86
1996,HKG,SWE,816.94
1997,HKG,SWE,887.12
1998,HKG,SWE,839.84
1999,HKG,SWE,845.25
2000,HKG,SWE,895.59
2001,HKG,SWE,659.68
2002,HKG,SWE,618.21
2003,HKG,SWE,680.04
2004,HKG,SWE,768.54
2005,HKG,SWE,871.53
2006,HKG,SWE,939.96
2007,HKG,SWE,988.29
2008,HKG,SWE,1036.61
2009,HKG,SWE,876.43
2010,HKG,SWE,1023.27
2011,HKG,SWE,1089.94
2012,HKG,SWE,998.74
2013,HKG,SWE,961.1
2014,HKG,SWE,923.99
2015,HKG,SWE,918.37
2016,HKG,SWE,917.18
2017,HKG,SWE,867.23
2018,HKG,SWE,844.95
2019,HKG,SWE,702.37
1990,HKG,CHE,802.67
1991,HKG,CHE,877.93
1992,HKG,CHE,908.06
1993,HKG,CHE,954.13
1994,HKG,CHE,959.04
1995,HKG,CHE,1009.77
1996,HKG,CHE,1018.9
1997,HKG,CHE,1060.63
1998,HKG,CHE,1110.58
1999,HKG,CHE,1046.8
2000,HKG,CHE,1110.41
2001,HKG,CHE,969.26
2002,HKG,CHE,961.78
2003,HKG,CHE,1051.49
2004,HKG,CHE,1200.28
2005,HKG,CHE,1351.24
2006,HKG,CHE,1619.93
2007,HKG,CHE,1820.27
2008,HKG,CHE,2677.79
2009,HKG,CHE,1911.58
2010,HKG,CHE,2510.36
2011,HKG,CHE,3233.03
2012,HKG,CHE,3393.75
2013,HKG,CHE,3423.51
2014,HKG,CHE,3965.97
2015,HKG,CHE,9345.74
2016,HKG,CHE,3266.39
2017,HKG,CHE,11269.27
2018,HKG,CHE,5815.38
2019,HKG,CHE,6022.65
1990,HKG,THA,1075.96
1991,HKG,THA,1073.16
1992,HKG,THA,1058.6
1993,HKG,THA,1020.7
1994,HKG,THA,1290.71
1995,HKG,THA,1615.28
1996,HKG,THA,1808.72
1997,HKG,THA,1867.24
1998,HKG,THA,1472.94
1999,HKG,THA,1555.26
2000,HKG,THA,1836.87
2001,HKG,THA,1851.9
2002,HKG,THA,2154.66
2003,HKG,THA,2304.39
2004,HKG,THA,2651.93
2005,HKG,THA,2843.34
2006,HKG,THA,3190.1
2007,HKG,THA,3695.82
2008,HKG,THA,4058.17
2009,HKG,THA,3238.34
2010,HKG,THA,4450.12
2011,HKG,THA,5464.85
2012,HKG,THA,5383.65
2013,HKG,THA,5590.39
2014,HKG,THA,6339.33
2015,HKG,THA,10085.35
2016,HKG,THA,6179.58
2017,HKG,THA,13401.61
2018,HKG,THA,13447.89
2019,HKG,THA,10447.59
1990,HKG,TUR,186.76
1991,HKG,TUR,174.13
1992,HKG,TUR,206.1
1993,HKG,TUR,318.97
1994,HKG,TUR,199.2
1995,HKG,TUR,408.64
1996,HKG,TUR,485.9
1997,HKG,TUR,472.58
1998,HKG,TUR,420.45
1999,HKG,TUR,384.27
2000,HKG,TUR,433.84
2001,HKG,TUR,227.24
2002,HKG,TUR,285.91
2003,HKG,TUR,390.18
2004,HKG,TUR,514.52
2005,HKG,TUR,598.25
2006,HKG,TUR,604.61
2007,HKG,TUR,625.14
2008,HKG,TUR,683.81
2009,HKG,TUR,623.96
2010,HKG,TUR,741.17
2011,HKG,TUR,873.99
2012,HKG,TUR,814.82
2013,HKG,TUR,866.09
2014,HKG,TUR,1086.32
2015,HKG,TUR,1039.15
2016,HKG,TUR,1006.56
2017,HKG,TUR,990.25
2018,HKG,TUR,1051.62
2019,HKG,TUR,1277.71
1990,HKG,GBR,3286.63
1991,HKG,GBR,3651.33
1992,HKG,GBR,4281.14
1993,HKG,GBR,4563.9
1994,HKG,GBR,4866.41
1995,HKG,GBR,5584.02
1996,HKG,GBR,6023.42
1997,HKG,GBR,6431.68
1998,HKG,GBR,6755.09
1999,HKG,GBR,7211.64
2000,HKG,GBR,8095.8
2001,HKG,GBR,7105.8
2002,HKG,GBR,6959.94
2003,HKG,GBR,7376.98
2004,HKG,GBR,8459.96
2005,HKG,GBR,8914.16
2006,HKG,GBR,9481.95
2007,HKG,GBR,9603.91
2008,HKG,GBR,9690.7
2009,HKG,GBR,7702.21
2010,HKG,GBR,7825.84
2011,HKG,GBR,7541.97
2012,HKG,GBR,7114.25
2013,HKG,GBR,6971.76
2014,HKG,GBR,7006.97
2015,HKG,GBR,11204.85
2016,HKG,GBR,6460.05
2017,HKG,GBR,9335.89
2018,HKG,GBR,6402.33
2019,HKG,GBR,8351.36
1990,HKG,USA,19817.07
1991,HKG,USA,22391.32
1992,HKG,USA,27582.61
1993,HKG,USA,31158.9
1994,HKG,USA,35179.41
1995,HKG,USA,37850.63
1996,HKG,USA,38368.95
1997,HKG,USA,40949.1
1998,HKG,USA,40700.25
1999,HKG,USA,41502.32
2000,HKG,USA,47084.06
2001,HKG,USA,42413.09
2002,HKG,USA,42878.25
2003,HKG,USA,41780.13
2004,HKG,USA,43963.85
2005,HKG,USA,46504.72
2006,HKG,USA,47873.95
2007,HKG,USA,47316
2008,HKG,USA,46289.88
2009,HKG,USA,36897.32
2010,HKG,USA,42821.45
2011,HKG,USA,42646.48
2012,HKG,USA,43799.01
2013,HKG,USA,42785.56
2014,HKG,USA,44149.88
2015,HKG,USA,42140.74
2016,HKG,USA,41800.16
2017,HKG,USA,42471.48
2018,HKG,USA,45898.67
2019,HKG,USA,39133.64
